Provider,Response,Time,Length
Gemini,"AI stands for **Artificial Intelligence**.

At its core, AI refers to the simulation of human intelligence processes by machines, especially computer systems. These processes include:

1.  **Learning:** Acquiring information and rules for using the information.
2.  **Reasoning:** Using rules to reach approximate or definite conclusions.
3.  **Problem-solving:** Finding solutions to complex challenges.
4.  **Perception:** Using sensory input (like vision or speech) to understand the environment.
5.  **Language Understanding:** Comprehending and generating human language.

**In simpler terms:** AI is about creating machines or computer programs that can think, learn, and act in ways that typically require human intelligence.

---

Here's a breakdown of what that means:

**1. The Goal:**
The primary goal of AI is to enable machines to perform tasks that currently require human intelligence. This doesn't necessarily mean replicating human consciousness or emotions, but rather mimicking cognitive functions.

**2. How it Works (at a high level):**
AI systems are built using algorithms that allow them to process vast amounts of data, identify patterns, make decisions, and learn from experience. They don't ""think"" in the human sense, but rather execute complex calculations and logical operations extremely quickly.

**3. Types of AI:**

*   **Narrow AI (or Weak AI):** This is the most common and currently existing form of AI. It is designed and trained for a specific task.
    *   **Examples:** Voice assistants (Siri, Alexa), recommendation engines (Netflix, Amazon), spam filters, facial recognition, self-driving cars, chess-playing programs.
    *   **Characteristics:** Excels at its specific task but lacks broader human-like intelligence or consciousness.

*   **General AI (or Strong AI / AGI):** This is theoretical and a long-term goal. AGI would possess the ability to understand, learn, and apply intelligence across a wide range of tasks, at a human-like level.
    *   **Characteristics:** Would be able to perform any intellectual task that a human can.

*   **Superintelligence:** Hypothetical AI that would surpass human intelligence across virtually all fields, including scientific creativity, general wisdom, and social skills. This is still firmly in the realm of science fiction.

**4. Key Subfields and Technologies within AI:**

*   **Machine Learning (ML):** A subset of AI that gives systems the ability to automatically learn and improve from experience without being explicitly programmed.
    *   **Deep Learning (DL):** A subfield of ML that uses artificial neural networks with multiple layers (hence ""deep"") to learn from vast amounts of data. This powers much of the recent AI advancements (e.g., large language models).
*   **Natural Language Processing (NLP):** Enables computers to understand, interpret, and generate human language. (e.g., chatbots, language translation).
*   **Computer Vision:** Allows computers to ""see"" and interpret visual information from images and videos. (e.g., facial recognition, medical image analysis).
*   **Robotics:** Focuses on designing, building, operating, and applying robots, often incorporating AI for perception, navigation, and decision-making.
*   **Expert Systems:** Older AI systems that use rule-based reasoning to mimic the decision-making ability of a human expert in a specific domain.

**5. Real-World Applications:**
AI is already integrated into many aspects of our daily lives:

*   **Healthcare:** Disease diagnosis, drug discovery, personalized treatment plans.
*   **Finance:** Fraud detection, algorithmic trading, credit scoring.
*   **Transportation:** Self-driving cars, traffic management.
*   **Customer Service:** Chatbots, virtual assistants.
*   **Entertainment:** Content recommendations, personalized playlists.
*   **Manufacturing:** Predictive maintenance, quality control.
*   **Education:** Personalized learning platforms.

---

In summary, AI is a vast and rapidly evolving field focused on creating intelligent machines. While much of the buzz currently revolves around ""Narrow AI"" capabilities, its potential continues to expand, promising significant transformations across virtually every industry and aspect of human life.",12.22,4253
Groq,"**Artificial Intelligence (AI)**: AI refers to the development of computer systems that can perform tasks that typically require human intelligence, such as:

1. **Learning**: The ability to learn from data and improve performance over time.
2. **Problem-solving**: The ability to analyze situations, identify patterns, and make decisions.
3. **Reasoning**: The ability to draw inferences, make logical connections, and generalize from examples.
4. **Perception**: The ability to interpret and understand data from sensors, such as images, speech, and text.

AI systems can be categorized into several types, including:

* **Narrow or Weak AI**: Designed to perform a specific task, such as image recognition or language translation.
* **General or Strong AI**: A hypothetical AI system that possesses human-like intelligence and can perform any intellectual task.
* **Superintelligence**: An AI system that significantly exceeds human intelligence and capabilities.

AI has numerous applications across various industries, including:

1. **Healthcare**: Diagnosis, patient monitoring, and personalized medicine.
2. **Finance**: Trading, risk management, and customer service.
3. **Transportation**: Autonomous vehicles, route optimization, and traffic management.
4. **Education**: Adaptive learning, intelligent tutoring, and student assessment.

AI technologies include:

1. **Machine Learning (ML)**: A subset of AI that involves training models on data to make predictions or decisions.
2. **Deep Learning (DL)**: A type of ML that uses neural networks to analyze complex data.
3. **Natural Language Processing (NLP)**: A field of AI that deals with human language understanding and generation.

The benefits of AI include:

1. **Increased Efficiency**: Automation of repetitive tasks and processes.
2. **Improved Accuracy**: Reduced errors and enhanced decision-making.
3. **Enhanced Customer Experience**: Personalized services and support.

However, AI also raises concerns about:

1. **Job Displacement**: Automation of jobs and potential impact on employment.
2. **Bias and Fairness**: Potential for AI systems to perpetuate biases and discriminate against certain groups.
3. **Privacy and Security**: Risk of data breaches and unauthorized access to sensitive information.",2.17,2283
