Prompt,Response,Prompt Tokens,Completion Tokens,Total Tokens,Estimated Cost ($)
What is AI?,"**Artificial Intelligence (AI)** is a broad field of study focused on creating machines and computer systems that can perform tasks that typically require human intelligence. These tasks include:

* Learning
* Problem-solving
* Reasoning
* Perception
* Decision-making

AI involves the development of algorithms, statistical models, and computer programs that enable machines to:

1. **Process and analyze data**: AI systems can collect, store, and analyze large amounts of data from various sources.
2. **Make predictions and decisions**: Based on the analyzed data, AI systems can make predictions, classify objects, and make decisions.
3. **Learn from experience**: AI systems can learn from their interactions with the environment and improve their performance over time.
4. **Interact with humans**: AI systems can interact with humans through natural language processing, speech recognition, and other interfaces.

**Types of AI**:

1. **Narrow or Weak AI**: Designed to perform a specific task, such as image recognition or language translation.
2. **General or Strong AI**: Aims to create a machine that can perform any intellectual task that a human can.
3. **Superintelligence**: A hypothetical AI system that significantly surpasses human intelligence in many domains.

**Applications of AI**:

1. **Virtual assistants**: Siri, Alexa, Google Assistant
2. **Image and speech recognition**: Facebook, Google Photos
3. **Natural language processing**: Language translation, chatbots
4. **Predictive analytics**: Finance, healthcare, marketing
5. **Robotics and autonomous systems**: Self-driving cars, drones, robotics

AI has the potential to revolutionize many industries and aspects of our lives, but it also raises important questions about ethics, bias, and responsibility.",39,352,391,0.00030109
Explain Machine Learning.,"**Introduction to Machine Learning**
=====================================

Machine learning is a subset of artificial intelligence (AI) that involves the use of algorithms and statistical models to enable machines to perform tasks without being explicitly programmed. The primary goal of machine learning is to develop systems that can learn from data, identify patterns, and make predictions or decisions with minimal human intervention.

**Key Concepts**
----------------

1. **Supervised Learning**: The machine learning algorithm is trained on labeled data, where the correct output is already known. The goal is to learn a mapping between input data and the corresponding output labels.
2. **Unsupervised Learning**: The machine learning algorithm is trained on unlabeled data, and the goal is to identify patterns, relationships, or structure in the data.
3. **Reinforcement Learning**: The machine learning algorithm learns through trial and error by interacting with an environment and receiving feedback in the form of rewards or penalties.

**Machine Learning Process**
---------------------------

1. **Data Collection**: Gathering data relevant to the problem or task at hand.
2. **Data Preprocessing**: Cleaning, transforming, and preparing the data for training.
3. **Model Selection**: Choosing a suitable machine learning algorithm and configuring its parameters.
4. **Training**: Training the model on the prepared data.
5. **Evaluation**: Evaluating the performance of the trained model using metrics such as accuracy, precision, and recall.
6. **Deployment**: Deploying the trained model in a production environment.

**Machine Learning Algorithms**
------------------------------

1. **Linear Regression**: A linear model that predicts a continuous output variable based on one or more input features.
2. **Decision Trees**: A tree-based model that classifies data by recursively partitioning it into smaller subsets.
3. **Random Forest**: An ensemble model that combines multiple decision trees to improve prediction accuracy.
4. **Support Vector Machines (SVMs)**: A linear or non-linear model that classifies data by finding the optimal hyperplane that separates the classes.
5. **Neural Networks**: A complex model that consists of multiple layers of interconnected nodes (neurons) that process and transform inputs.

**Applications of Machine Learning**
-----------------------------------

1. **Image Classification**: Recognizing objects, scenes, and activities in images and videos.
2. **Natural Language Processing (NLP)**: Analyzing and generating human language, including text, speech, and dialogue.
3. **Speech Recognition**: Transcribing spoken words into text.
4. **Recommendation Systems**: Suggesting products, services, or content based on user preferences and behavior.
5. **Predictive Maintenance**: Forecasting equipment failures and scheduling maintenance to minimize downtime.

**Real-World Examples**
----------------------

1. **Self-Driving Cars**: Using machine learning to detect and respond to surroundings, such as object detection, lane tracking, and navigation.
2. **Virtual Assistants**: Using machine learning to recognize voice commands, understand natural language, and perform tasks such as scheduling appointments and sending messages.
3. **Medical Diagnosis**: Using machine learning to analyze medical images, identify patterns, and diagnose diseases such as cancer and diabetes.
4. **Customer Service Chatbots**: Using machine learning to understand customer inquiries, respond to questions, and route complex issues to human representatives.
5. **Recommendation Systems**: Using machine learning to suggest products, movies, music, and other content based on user preferences and behavior.",40,685,725,0.00056475
